,Threshold,TPR,FPR
0,inf,0.0,0.0
1,0.9999999098348836,0.005714285714285714,0.0
2,0.9964691681825562,0.2342857142857143,0.0
3,0.9956765662957474,0.2342857142857143,0.012987012987012988
4,0.3570711661758804,0.9942857142857143,0.012987012987012988
5,0.3532660212629552,0.9942857142857143,0.025974025974025976
6,0.35232455958299375,1.0,0.025974025974025976
7,0.10025222489018769,1.0,1.0
