,Threshold,TPR,FPR
0,inf,0.0,0.0
1,0.9999999362315418,0.004830917874396135,0.0
2,0.56848171933278,0.9951690821256038,0.0
3,0.5574946202971479,0.9951690821256038,0.007751937984496124
4,0.5333716961712738,1.0,0.007751937984496124
5,5.929391265423966e-08,1.0,1.0
