,Threshold,TPR,FPR
0,inf,0.0,0.0
1,1.0,0.9935897435897436,0.0
2,0.8,1.0,0.0
3,0.6,1.0,0.020833333333333332
4,0.0,1.0,1.0
