,Threshold,TPR,FPR
0,inf,0.0,0.0
1,0.6037348323965160,0.99358974,0.01041667
2,0.5983662813839420,1,1
3,,,
4,,,