,Threshold,TPR,FPR
0,inf,0.0,0.0
1,1.0,0.84375,0.0
2,0.8,0.9125,0.010869565217391304
3,0.6,0.95625,0.043478260869565216
4,0.4,0.98125,0.09782608695652174
5,0.2,1.0,0.1956521739130435
6,0.0,1.0,1.0
