,Threshold,TPR,FPR
0,inf,0.0,0.0
1,0.8086402769692277,0.9178743961352657,0.0
2,0.6122512236109516,0.966183574879227,0.0
3,0.5777992691128779,0.966183574879227,0.007751937984496124
4,0.463518931062997,1.0,0.007751937984496124
5,3.7878126910231523e-06,1.0,1.0
