,Threshold,TPR,FPR
0,inf,0.0,0.0
1,1.0,0.9951690821256038,0.0
2,0.8,1.0,0.0
3,0.6,1.0,0.023255813953488372
4,0.2,1.0,0.03875968992248062
5,0.0,1.0,1.0
