,Threshold,TPR,FPR
0,inf,0.0,0.0
1,1.0,0.8914285714285715,0.0
2,0.8,0.9257142857142857,0.0
3,0.6,0.9657142857142857,0.03896103896103896
4,0.4,0.9885714285714285,0.09090909090909091
5,0.2,1.0,0.23376623376623376
6,0.0,1.0,1.0
