,fpr,tpr
0,0.0,0.0
1,0.0023937761819269898,0.7737881508078994
2,0.005984440454817474,0.8689407540394973
3,0.01286654697785757,0.9156193895870736
4,0.022142429682824656,0.9569120287253142
5,0.039796529024536204,0.9856373429084381
6,1.0,1.0
