,fpr,tpr
0,0.0,0.0
1,0.0025466893039049238,0.6383701188455009
2,0.007357102433503113,0.7928692699490663
3,0.017543859649122806,0.8913412563667232
4,0.03480475382003396,0.9473684210526315
5,0.06338426711941143,0.9762308998302207
6,1.0,1.0
