,Threshold,TPR,FPR
0,inf,0.0,0.0
1,1.0,0.813953488372093,0.01875
2,0.8,0.8546511627906976,0.04375
3,0.6,0.8953488372093024,0.08125
4,0.4,0.9476744186046512,0.1125
5,0.2,0.9651162790697675,0.275
6,0.0,1.0,1.0
