,Threshold,TPR,FPR
0,inf,0.0,0.0
1,1.0,0.7965116279069767,0.0
2,0.8,0.8837209302325582,0.03125
3,0.6,0.9011627906976745,0.0375
4,0.4,0.9593023255813954,0.16875
5,0.2,0.9825581395348837,0.25
6,0.0,1.0,1.0
