,Threshold,TPR,FPR
0,inf,0.0,0.0
1,1.0,0.019230769230769232,0.0
2,0.862153063960063,0.9935897435897436,0.0
3,0.24821928497629298,0.9935897435897436,0.4895833333333333
4,0.2407279077528661,1.0,0.4895833333333333
5,4.6240308024023555e-171,1.0,1.0
